{
    "prepare_queue": {
        "installed": [],
        "uninstalled": []
    },
    "config_munge": {
        "files": {
            "config.xml": {
                "parents": {
                    "/*": [
                        {
                            "xml": "<feature name=\"File\"><param name=\"ios-package\" value=\"CDVFile\" /><param name=\"onload\" value=\"true\" /></feature>",
                            "count": 1
                        },
                        {
                            "xml": "<feature name=\"CordovaHttpPlugin\"><param name=\"ios-package\" value=\"CordovaHttpPlugin\" /></feature>",
                            "count": 1
                        },
                        {
                            "xml": "<feature name=\"Device\"><param name=\"ios-package\" value=\"CDVDevice\" /></feature>",
                            "count": 1
                        },
                        {
                            "xml": "<feature name=\"SplashScreen\"><param name=\"ios-package\" value=\"CDVSplashScreen\" /><param name=\"onload\" value=\"true\" /></feature>",
                            "count": 1
                        },
                        {
                            "xml": "<allow-navigation href=\"http://localhost:8080/*\" />",
                            "count": 1
                        },
                        {
                            "xml": "<allow-navigation href=\"http://127.0.0.1:8080/*\" />",
                            "count": 1
                        },
                        {
                            "xml": "<feature name=\"IonicWebView\"><param name=\"ios-package\" value=\"CDVWKWebViewEngine\" /></feature>",
                            "count": 1
                        },
                        {
                            "xml": "<preference name=\"CordovaWebViewEngine\" value=\"CDVWKWebViewEngine\" />",
                            "count": 1
                        },
                        {
                            "xml": "<feature name=\"Keyboard\"><param name=\"ios-package\" onload=\"true\" value=\"CDVIonicKeyboard\" /></feature>",
                            "count": 1
                        }
                    ]
                }
            }
        }
    },
    "installed_plugins": {
        "cordova-plugin-file": {
            "PACKAGE_NAME": "io.ionic.starter"
        },
        "cordova-plugin-advanced-http": {
            "PACKAGE_NAME": "io.ionic.starter"
        },
        "cordova-plugin-whitelist": {
            "PACKAGE_NAME": "io.ionic.starter"
        },
        "cordova-plugin-device": {
            "PACKAGE_NAME": "io.ionic.starter"
        },
        "cordova-plugin-splashscreen": {
            "PACKAGE_NAME": "io.ionic.starter"
        },
        "cordova-plugin-ionic-webview": {
            "PACKAGE_NAME": "io.ionic.starter"
        },
        "cordova-plugin-ionic-keyboard": {
            "PACKAGE_NAME": "io.ionic.starter"
        }
    },
    "dependent_plugins": {},
    "modules": [
        {
            "id": "cordova-plugin-file.DirectoryEntry",
            "file": "plugins/cordova-plugin-file/www/DirectoryEntry.js",
            "pluginId": "cordova-plugin-file",
            "clobbers": [
                "window.DirectoryEntry"
            ]
        },
        {
            "id": "cordova-plugin-file.DirectoryReader",
            "file": "plugins/cordova-plugin-file/www/DirectoryReader.js",
            "pluginId": "cordova-plugin-file",
            "clobbers": [
                "window.DirectoryReader"
            ]
        },
        {
            "id": "cordova-plugin-file.Entry",
            "file": "plugins/cordova-plugin-file/www/Entry.js",
            "pluginId": "cordova-plugin-file",
            "clobbers": [
                "window.Entry"
            ]
        },
        {
            "id": "cordova-plugin-file.File",
            "file": "plugins/cordova-plugin-file/www/File.js",
            "pluginId": "cordova-plugin-file",
            "clobbers": [
                "window.File"
            ]
        },
        {
            "id": "cordova-plugin-file.FileEntry",
            "file": "plugins/cordova-plugin-file/www/FileEntry.js",
            "pluginId": "cordova-plugin-file",
            "clobbers": [
                "window.FileEntry"
            ]
        },
        {
            "id": "cordova-plugin-file.FileError",
            "file": "plugins/cordova-plugin-file/www/FileError.js",
            "pluginId": "cordova-plugin-file",
            "clobbers": [
                "window.FileError"
            ]
        },
        {
            "id": "cordova-plugin-file.FileReader",
            "file": "plugins/cordova-plugin-file/www/FileReader.js",
            "pluginId": "cordova-plugin-file",
            "clobbers": [
                "window.FileReader"
            ]
        },
        {
            "id": "cordova-plugin-file.FileSystem",
            "file": "plugins/cordova-plugin-file/www/FileSystem.js",
            "pluginId": "cordova-plugin-file",
            "clobbers": [
                "window.FileSystem"
            ]
        },
        {
            "id": "cordova-plugin-file.FileUploadOptions",
            "file": "plugins/cordova-plugin-file/www/FileUploadOptions.js",
            "pluginId": "cordova-plugin-file",
            "clobbers": [
                "window.FileUploadOptions"
            ]
        },
        {
            "id": "cordova-plugin-file.FileUploadResult",
            "file": "plugins/cordova-plugin-file/www/FileUploadResult.js",
            "pluginId": "cordova-plugin-file",
            "clobbers": [
                "window.FileUploadResult"
            ]
        },
        {
            "id": "cordova-plugin-file.FileWriter",
            "file": "plugins/cordova-plugin-file/www/FileWriter.js",
            "pluginId": "cordova-plugin-file",
            "clobbers": [
                "window.FileWriter"
            ]
        },
        {
            "id": "cordova-plugin-file.Flags",
            "file": "plugins/cordova-plugin-file/www/Flags.js",
            "pluginId": "cordova-plugin-file",
            "clobbers": [
                "window.Flags"
            ]
        },
        {
            "id": "cordova-plugin-file.LocalFileSystem",
            "file": "plugins/cordova-plugin-file/www/LocalFileSystem.js",
            "pluginId": "cordova-plugin-file",
            "clobbers": [
                "window.LocalFileSystem"
            ],
            "merges": [
                "window"
            ]
        },
        {
            "id": "cordova-plugin-file.Metadata",
            "file": "plugins/cordova-plugin-file/www/Metadata.js",
            "pluginId": "cordova-plugin-file",
            "clobbers": [
                "window.Metadata"
            ]
        },
        {
            "id": "cordova-plugin-file.ProgressEvent",
            "file": "plugins/cordova-plugin-file/www/ProgressEvent.js",
            "pluginId": "cordova-plugin-file",
            "clobbers": [
                "window.ProgressEvent"
            ]
        },
        {
            "id": "cordova-plugin-file.fileSystems",
            "file": "plugins/cordova-plugin-file/www/fileSystems.js",
            "pluginId": "cordova-plugin-file"
        },
        {
            "id": "cordova-plugin-file.requestFileSystem",
            "file": "plugins/cordova-plugin-file/www/requestFileSystem.js",
            "pluginId": "cordova-plugin-file",
            "clobbers": [
                "window.requestFileSystem"
            ]
        },
        {
            "id": "cordova-plugin-file.resolveLocalFileSystemURI",
            "file": "plugins/cordova-plugin-file/www/resolveLocalFileSystemURI.js",
            "pluginId": "cordova-plugin-file",
            "merges": [
                "window"
            ]
        },
        {
            "id": "cordova-plugin-file.isChrome",
            "file": "plugins/cordova-plugin-file/www/browser/isChrome.js",
            "pluginId": "cordova-plugin-file",
            "runs": true
        },
        {
            "id": "cordova-plugin-file.iosFileSystem",
            "file": "plugins/cordova-plugin-file/www/ios/FileSystem.js",
            "pluginId": "cordova-plugin-file",
            "merges": [
                "FileSystem"
            ]
        },
        {
            "id": "cordova-plugin-file.fileSystems-roots",
            "file": "plugins/cordova-plugin-file/www/fileSystems-roots.js",
            "pluginId": "cordova-plugin-file",
            "runs": true
        },
        {
            "id": "cordova-plugin-file.fileSystemPaths",
            "file": "plugins/cordova-plugin-file/www/fileSystemPaths.js",
            "pluginId": "cordova-plugin-file",
            "merges": [
                "cordova"
            ],
            "runs": true
        },
        {
            "id": "cordova-plugin-advanced-http.lodash",
            "file": "plugins/cordova-plugin-advanced-http/www/lodash.js",
            "pluginId": "cordova-plugin-advanced-http"
        },
        {
            "id": "cordova-plugin-advanced-http.tough-cookie",
            "file": "plugins/cordova-plugin-advanced-http/www/umd-tough-cookie.js",
            "pluginId": "cordova-plugin-advanced-http"
        },
        {
            "id": "cordova-plugin-advanced-http.messages",
            "file": "plugins/cordova-plugin-advanced-http/www/messages.js",
            "pluginId": "cordova-plugin-advanced-http"
        },
        {
            "id": "cordova-plugin-advanced-http.local-storage-store",
            "file": "plugins/cordova-plugin-advanced-http/www/local-storage-store.js",
            "pluginId": "cordova-plugin-advanced-http"
        },
        {
            "id": "cordova-plugin-advanced-http.cookie-handler",
            "file": "plugins/cordova-plugin-advanced-http/www/cookie-handler.js",
            "pluginId": "cordova-plugin-advanced-http"
        },
        {
            "id": "cordova-plugin-advanced-http.angular-integration",
            "file": "plugins/cordova-plugin-advanced-http/www/angular-integration.js",
            "pluginId": "cordova-plugin-advanced-http"
        },
        {
            "id": "cordova-plugin-advanced-http.helpers",
            "file": "plugins/cordova-plugin-advanced-http/www/helpers.js",
            "pluginId": "cordova-plugin-advanced-http"
        },
        {
            "id": "cordova-plugin-advanced-http.http",
            "file": "plugins/cordova-plugin-advanced-http/www/advanced-http.js",
            "pluginId": "cordova-plugin-advanced-http",
            "clobbers": [
                "cordova.plugin.http"
            ]
        },
        {
            "id": "cordova-plugin-device.device",
            "file": "plugins/cordova-plugin-device/www/device.js",
            "pluginId": "cordova-plugin-device",
            "clobbers": [
                "device"
            ]
        },
        {
            "id": "cordova-plugin-splashscreen.SplashScreen",
            "file": "plugins/cordova-plugin-splashscreen/www/splashscreen.js",
            "pluginId": "cordova-plugin-splashscreen",
            "clobbers": [
                "navigator.splashscreen"
            ]
        },
        {
            "id": "cordova-plugin-ionic-webview.IonicWebView",
            "file": "plugins/cordova-plugin-ionic-webview/src/www/util.js",
            "pluginId": "cordova-plugin-ionic-webview",
            "clobbers": [
                "Ionic.WebView"
            ]
        },
        {
            "id": "cordova-plugin-ionic-webview.ios-wkwebview-exec",
            "file": "plugins/cordova-plugin-ionic-webview/src/www/ios/ios-wkwebview-exec.js",
            "pluginId": "cordova-plugin-ionic-webview",
            "clobbers": [
                "cordova.exec"
            ]
        },
        {
            "id": "cordova-plugin-ionic-keyboard.keyboard",
            "file": "plugins/cordova-plugin-ionic-keyboard/www/ios/keyboard.js",
            "pluginId": "cordova-plugin-ionic-keyboard",
            "clobbers": [
                "window.Keyboard"
            ]
        }
    ],
    "plugin_metadata": {
        "cordova-plugin-file": "6.0.1",
        "cordova-plugin-advanced-http": "1.11.1",
        "cordova-plugin-whitelist": "1.3.3",
        "cordova-plugin-device": "2.0.2",
        "cordova-plugin-splashscreen": "5.0.2",
        "cordova-plugin-ionic-webview": "2.1.0",
        "cordova-plugin-ionic-keyboard": "2.1.2"
    }
}